Parent Club,Chapter Name,Location,Website URL,Facebook Page Link,Instagram Handle,Contact Info,Year Founded
American Motorcyclist Association,National Headquarters,"Pickerington, Ohio",https://americanmotorcyclist.com,https://facebook.com/americanmotorcyclist,@americanmotorcyclist,614-856-1900,1924.0
BMW Motorcycle Owners of America,Golden Gate BMW Riders,"San Francisco, California",,,,,
BMW Motorcycle Owners of America,Mile High BMW Club,"Denver, Colorado",,,,,
BMW Motorcycle Owners of America,National BMW MOA,"Chesterfield, Missouri",https://bmwmoa.org,https://facebook.com/bmwmoa,@bmwmoa,636-394-7277,1972.0
BMW Motorcycle Owners of America,Yankee Beemers,"Boston, Massachusetts",,,,,
Bandidos MC,Albuquerque,"Albuquerque, New Mexico",https://www.bandidosmcunitedstates.com,,,,
Bandidos MC,Austin,"Austin, Texas",https://www.bandidosmcunitedstates.com,,,,
Bandidos MC,Billings,"Billings, Montana",https://www.bandidosmcunitedstates.com,,,,
Bandidos MC,Birmingham,"Birmingham, Alabama",https://www.bandidosmcunitedstates.com,,,,
Bandidos MC,Boise,"Boise, Idaho",https://www.bandidosmcunitedstates.com,,,,
Bandidos MC,Cheyenne,"Cheyenne, Wyoming",https://www.bandidosmcunitedstates.com,,,,
Bandidos MC,Corpus Christi,"Corpus Christi, Texas",https://www.bandidosmcunitedstates.com,,,,
Bandidos MC,Dallas,"Dallas, Texas",https://www.bandidosmcunitedstates.com,,,,
Bandidos MC,Denver,"Denver, Colorado",https://www.bandidosmcunitedstates.com,,,,
Bandidos MC,El Paso,"El Paso, Texas",https://www.bandidosmcunitedstates.com,,,,
Bandidos MC,Fort Worth,"Fort Worth, Texas",https://www.bandidosmcunitedstates.com,,,,
Bandidos MC,Houston,"Houston, Texas",https://www.bandidosmcunitedstates.com,,,Mother Chapter,1966.0
Bandidos MC,Jackson,"Jackson, Mississippi",https://www.bandidosmcunitedstates.com,,,,
Bandidos MC,Kansas City,"Kansas City, Missouri",https://www.bandidosmcunitedstates.com,,,,
Bandidos MC,Las Vegas,"Las Vegas, Nevada",https://www.bandidosmcunitedstates.com,,,,
Bandidos MC,Little Rock,"Little Rock, Arkansas",https://www.bandidosmcunitedstates.com,,,,
Bandidos MC,New Orleans,"New Orleans, Louisiana",https://www.bandidosmcunitedstates.com,,,,
Bandidos MC,Oklahoma City,"Oklahoma City, Oklahoma",https://www.bandidosmcunitedstates.com,,,,
Bandidos MC,Rapid City,"Rapid City, South Dakota",https://www.bandidosmcunitedstates.com,,,,
Bandidos MC,Salt Lake City,"Salt Lake City, Utah",https://www.bandidosmcunitedstates.com,,,,
Bandidos MC,San Antonio,"San Antonio, Texas",https://www.bandidosmcunitedstates.com,,,,
Bandidos MC,Seattle,"Seattle, Washington",https://www.bandidosmcunitedstates.com,,,,
Bandidos MC,Southwest Houston,"Southwest Houston, Texas",https://www.bandidosmcunitedstates.com,,,,1967.0
Boozefighters MC,Southern California,California,,,,Historical Club,1946.0
Christian Motorcyclists Association,California CMA,California,,,,125000+ members,
Christian Motorcyclists Association,Florida CMA,Florida,,,,,
Christian Motorcyclists Association,National CMA,"Hatfield, Arkansas",https://cmausa.org,https://facebook.com/ChristianMotorcyclistsAssociation,@cmausa,870-389-6196,1975.0
Christian Motorcyclists Association,New York CMA,New York,,,,,
Christian Motorcyclists Association,Ohio CMA,Ohio,,,,,
Christian Motorcyclists Association,Texas CMA,Texas,,,,,
Combat Veterans Motorcycle Association,CVMA 1-1,New Hampshire,,,,,
Combat Veterans Motorcycle Association,CVMA 11-11,Delaware,,,,,
Combat Veterans Motorcycle Association,CVMA 12-12,Maryland,,,,,
Combat Veterans Motorcycle Association,CVMA 13-13,Virginia,,,,,
Combat Veterans Motorcycle Association,CVMA 14-14,West Virginia,,,,,
Combat Veterans Motorcycle Association,CVMA 15-15,Kentucky,,,,,
Combat Veterans Motorcycle Association,CVMA 16-16,Tennessee,,,,,
Combat Veterans Motorcycle Association,CVMA 17-17,North Carolina,,,,,
Combat Veterans Motorcycle Association,CVMA 18-18,South Carolina,,,,,
Combat Veterans Motorcycle Association,CVMA 19-19,Georgia,,,,,
Combat Veterans Motorcycle Association,CVMA 2-2,Massachusetts,,,,,
Combat Veterans Motorcycle Association,CVMA 20-20,Florida,,,,,
Combat Veterans Motorcycle Association,CVMA 21-21,Alabama,,,,,
Combat Veterans Motorcycle Association,CVMA 22-22,Mississippi,,,,,
Combat Veterans Motorcycle Association,CVMA 23-23,Louisiana,,,,,
Combat Veterans Motorcycle Association,CVMA 24-24,Arkansas,,,,,
Combat Veterans Motorcycle Association,CVMA 25-25,Texas,,,,,
Combat Veterans Motorcycle Association,CVMA 26-26,Oklahoma,,,,,
Combat Veterans Motorcycle Association,CVMA 27-27,New Mexico,,,,,
Combat Veterans Motorcycle Association,CVMA 28-28,Colorado,,,,,
Combat Veterans Motorcycle Association,CVMA 29-29,Wyoming,,,,,
Combat Veterans Motorcycle Association,CVMA 3-3,Connecticut,,,,,
Combat Veterans Motorcycle Association,CVMA 30-30,Montana,,,,,
Combat Veterans Motorcycle Association,CVMA 31-31,North Dakota,,,,,
Combat Veterans Motorcycle Association,CVMA 32-32,South Dakota,,,,,
Combat Veterans Motorcycle Association,CVMA 33-33,Nebraska,,,,,
Combat Veterans Motorcycle Association,CVMA 34-34,Kansas,,,,,
Combat Veterans Motorcycle Association,CVMA 35-35,Iowa,,,,,
Combat Veterans Motorcycle Association,CVMA 36-36,Missouri,,,,,
Combat Veterans Motorcycle Association,CVMA 37-37,Illinois,,,,,
Combat Veterans Motorcycle Association,CVMA 38-38,Wisconsin,,,,,
Combat Veterans Motorcycle Association,CVMA 39-39,Minnesota,,,,,
Combat Veterans Motorcycle Association,CVMA 4-4,Maine,,,,,
Combat Veterans Motorcycle Association,CVMA 40-40,Michigan,,,,,
Combat Veterans Motorcycle Association,CVMA 41-41,Indiana,,,,,
Combat Veterans Motorcycle Association,CVMA 42-42,Ohio,,,,,
Combat Veterans Motorcycle Association,CVMA 43-43,Utah,,,,,
Combat Veterans Motorcycle Association,CVMA 44-44,Nevada,,,,,
Combat Veterans Motorcycle Association,CVMA 45-45,Idaho,,,,,
Combat Veterans Motorcycle Association,CVMA 46-46,Arizona,,,,,
Combat Veterans Motorcycle Association,CVMA 47-47,Washington,,,,,
Combat Veterans Motorcycle Association,CVMA 48-48,Oregon,,,,,
Combat Veterans Motorcycle Association,CVMA 49-49,California,,,,,
Combat Veterans Motorcycle Association,CVMA 5-5,Vermont,,,,,
Combat Veterans Motorcycle Association,CVMA 50-50,Alaska,,,,,
Combat Veterans Motorcycle Association,CVMA 51-51,Hawaii,,,,,
Combat Veterans Motorcycle Association,CVMA 6-6,Rhode Island,,,,,
Combat Veterans Motorcycle Association,CVMA 7-7,New York,,,,,
Combat Veterans Motorcycle Association,CVMA 8-8,New Jersey,,,,,
Combat Veterans Motorcycle Association,CVMA 9-9,Pennsylvania,,,,,
Combat Veterans Motorcycle Association,National CVMA,United States,https://combatvet.org,https://facebook.com/combatvet,@cvmausa,,2001.0
Gold Wing Road Riders Association,National GWRRA,United States,https://gwrra.org,https://facebook.com/goldwingroadriders,@gwrra,,1977.0
Harley Owners Group,Atlanta HOG,"Atlanta, Georgia",,,,,
Harley Owners Group,Chicago HOG,"Chicago, Illinois",,,,,
Harley Owners Group,Dallas HOG,"Dallas, Texas",,,,,
Harley Owners Group,Denver HOG,"Denver, Colorado",,,,,
Harley Owners Group,Los Angeles HOG,"Los Angeles, California",,,,,
Harley Owners Group,Miami HOG,"Miami, Florida",,,,,
Harley Owners Group,National HOG,"Milwaukee, Wisconsin",https://www.harley-davidson.com/us/en/hog.html,https://facebook.com/harleyownersgroup,@harleyownersgroup,414-343-4056,1983.0
Harley Owners Group,New York HOG,"New York, New York",,,,,
Harley Owners Group,Phoenix HOG,"Phoenix, Arizona",,,,,
Harley Owners Group,Seattle HOG,"Seattle, Washington",,,,,
Hells Angels MC,Anchorage,"Anchorage, Alaska",,,,,1982.0
Hells Angels MC,Bakersfield,"Bakersfield, California",,,,,2013.0
Hells Angels MC,Berdoo,"San Bernardino, California",,,,,1948.0
Hells Angels MC,Bridgeport,"Bridgeport, Connecticut",,,,,1975.0
Hells Angels MC,Cave Creek,"Cave Creek, Arizona",,,,,1997.0
Hells Angels MC,Dago,"San Diego, California",,,,,1966.0
Hells Angels MC,Daly City,"Daly City, California",,,,,1966.0
Hells Angels MC,Denver,"Denver, Colorado",,,,,2002.0
Hells Angels MC,Fairbanks,"Fairbanks, Alaska",,,,,1982.0
Hells Angels MC,Fresno,"Fresno, California",,,,,2000.0
Hells Angels MC,Frisco,"San Francisco, California",,,,,1954.0
Hells Angels MC,Hartford,"Hartford, Connecticut",,,,,2002.0
Hells Angels MC,Merced County,"Merced County, California",,,,,1998.0
Hells Angels MC,Mesa,"Mesa, Arizona",,,,,1997.0
Hells Angels MC,Monterey,"Monterey, California",,,,,1981.0
Hells Angels MC,Nomads Arizona,Arizona (Nomad),,,,,1997.0
Hells Angels MC,Nomads California,California (Nomad),,,,,1965.0
Hells Angels MC,Nomads Colorado,Colorado (Nomad),,,,,2010.0
Hells Angels MC,Nomads Connecticut,Connecticut (Nomad),,,,,1999.0
Hells Angels MC,North California,Northern California,,,,,2011.0
Hells Angels MC,Oakland,"Oakland, California",,,,,1957.0
Hells Angels MC,Orange County,"Orange County, California",,,,,1997.0
Hells Angels MC,Phoenix,"Phoenix, Arizona",,,,,1997.0
Hells Angels MC,RSide California,"Riverside, California",,,,,2006.0
Hells Angels MC,Richmond,"Richmond, Virginia",https://hellsangelsrichmond.com,,,,1962.0
Hells Angels MC,Rochester,"Rochester, New York",https://hells-angels-rochester.com,,,,
Hells Angels MC,Rocky Mountain,Rocky Mountain Region,,,,,2014.0
Hells Angels MC,Sacramento,"Sacramento, California",,,,,1973.0
Hells Angels MC,San Fernando Valley,"San Fernando Valley, California",,,,,1978.0
Hells Angels MC,San Jose,"San Jose, California",,,,,1969.0
Hells Angels MC,Santa Cruz,"Santa Cruz, California",,,,,2002.0
Hells Angels MC,So Cal,Southern California,,,,,2014.0
Hells Angels MC,Sonoma County,"Sonoma County, California",,,,,1972.0
Hells Angels MC,Tucson,"Tucson, Arizona",,,,,1997.0
Hells Angels MC,Vallejo,"Vallejo, California",,,,,1984.0
Hells Angels MC,Ventura,"Ventura, California",,,,,1978.0
Hells Angels MC,West Point,"West Point, New York",,,,,2012.0
Hells Angels MC,Yavapai County,"Yavapai County, Arizona",,,,,2012.0
Mongols MC,Alhambra,"Alhambra, California",https://www.mongolsmc.com,,,,
Mongols MC,Bell Gardens,"Bell Gardens, California",https://www.mongolsmc.com,,,,
Mongols MC,Berdoo,"San Bernardino, California",https://www.mongolsmc.com,,,,
Mongols MC,Boyle Heights,"Boyle Heights, California",https://www.mongolsmc.com,,,,
Mongols MC,Central,Central Arkansas,https://www.mongolsmc.com,,,,
Mongols MC,Central,Central Florida,https://www.mongolsmc.com,,,,
Mongols MC,Commerce,"Commerce, California",https://www.mongolsmc.com,,,,
Mongols MC,Covina,"Covina, California",https://www.mongolsmc.com,,,,
Mongols MC,Dago,"San Diego, California",https://www.mongolsmc.com,,,,
Mongols MC,Denver,"Denver, Colorado",https://www.mongolsmc.com,,,,
Mongols MC,East LA,"East Los Angeles, California",https://www.mongolsmc.com,,,,
Mongols MC,East Whittier,"East Whittier, California",https://www.mongolsmc.com,,,,
Mongols MC,Fullerton,"Fullerton, California",https://www.mongolsmc.com,,,,
Mongols MC,Grand Junction,"Grand Junction, Colorado",https://www.mongolsmc.com,,,,
Mongols MC,Harbor,"Harbor Area, Los Angeles, California",https://www.mongolsmc.com,,,,
Mongols MC,Helena,"Helena, Montana",https://www.mongolsmc.com,,,,
Mongols MC,High Desert,"Lancaster, California",https://www.mongolsmc.com,,,,
Mongols MC,Hollywood,"Hollywood, California",https://www.mongolsmc.com,,,,
Mongols MC,Inner City,"Denver, Colorado",https://www.mongolsmc.com,,,,
Mongols MC,La Habra,"La Habra, California",https://www.mongolsmc.com,,,,
Mongols MC,La Mirada,"La Mirada, California",https://www.mongolsmc.com,,,,
Mongols MC,Las Vegas,"Las Vegas, Nevada",https://www.mongolsmc.com,,,,
Mongols MC,Long Beach,"Long Beach, California",https://www.mongolsmc.com,,,,
Mongols MC,Los Angeles,"Los Angeles, California",https://www.mongolsmc.com,,,,
Mongols MC,Mesa,"Mesa, Arizona",https://www.mongolsmc.com,,,,
Mongols MC,Mile High,Colorado,https://www.mongolsmc.com,,,,
Mongols MC,Montebello,"Montebello, California",https://www.mongolsmc.com,,,Mother Chapter,1969.0
Mongols MC,Nomad,California (Nomad),https://www.mongolsmc.com,,,,
Mongols MC,Nor Cal,Northern California,https://www.mongolsmc.com,,,,
Mongols MC,Northside,North Florida,https://www.mongolsmc.com,,,,
Mongols MC,Old South Bay,"San Francisco, California",https://www.mongolsmc.com,,,,
Mongols MC,Orange County,"Orange County, California",https://www.mongolsmc.com,,,,
Mongols MC,Paramount,"Paramount, California",https://www.mongolsmc.com,,,,
Mongols MC,Pasadena,"Pasadena, California",https://www.mongolsmc.com,,,,
Mongols MC,Phoenix,"Phoenix, Arizona",https://www.mongolsmc.com,,,,
Mongols MC,Pico,"Pico Rivera, California",https://www.mongolsmc.com,,,,
Mongols MC,Pico Nomad,"Pico Rivera, California",https://www.mongolsmc.com,,,,
Mongols MC,Pomona,"Pomona, California",https://www.mongolsmc.com,,,,
Mongols MC,Puente,"La Puente, California",https://www.mongolsmc.com,,,,
Mongols MC,Reno,"Reno, Nevada",https://www.mongolsmc.com,,,,
Mongols MC,Riverside County,"Riverside County, California",https://www.mongolsmc.com,,,,
Mongols MC,Rosemead,"Rosemead, California",https://www.mongolsmc.com,,,,
Mongols MC,SFV,"San Fernando Valley, California",https://www.mongolsmc.com,,,,
Mongols MC,SGV,"San Gabriel Valley, California",https://www.mongolsmc.com,,,,
Mongols MC,San Jacinto,"San Jacinto, California",https://www.mongolsmc.com,,,,
Mongols MC,Santa Fe Springs,"Santa Fe Springs, California",https://www.mongolsmc.com,,,,
Mongols MC,Sereno,"El Sereno, California",https://www.mongolsmc.com,,,,
Mongols MC,Shasta County,"Shasta County, California",https://www.mongolsmc.com,,,,
Mongols MC,So Cal,Southern California,https://www.mongolsmc.com,,,,
Mongols MC,South Bay,"South Bay, California",https://www.mongolsmc.com,,,,
Mongols MC,South End,South Florida,https://www.mongolsmc.com,,,,
Mongols MC,South Gate,"South Gate, California",https://www.mongolsmc.com,,,,
Mongols MC,Southside,New York,https://www.mongolsmc.com,,,,
Mongols MC,Temple City,"Temple City, California",https://www.mongolsmc.com,,,,
Mongols MC,The Heights,"Hacienda Heights, California",https://www.mongolsmc.com,,,,
Mongols MC,The Ville,"Smartsville, California",https://www.mongolsmc.com,,,,
Mongols MC,Venice,"Venice, California",https://www.mongolsmc.com,,,,
Mongols MC,Ventura County,"Ventura County, California",https://www.mongolsmc.com,,,,
Mongols MC,West Coast Nomad,"Pasadena, California",https://www.mongolsmc.com,,,,
Mongols MC,Whittier,"Whittier, California",https://www.mongolsmc.com,,,,
Motor Maids,National Motor Maids,United States and Canada,https://motormaids.org,https://facebook.com/motormaids,@motormaids,,1940.0
Outlaws MC,Acworth,"Acworth, Georgia",http://www.outlawsmcworld.com,,,,
Outlaws MC,Alton,"Alton, Illinois",http://www.outlawsmcworld.com,,,,
Outlaws MC,Anderson,"Anderson, Indiana",http://www.outlawsmcworld.com,,,,
Outlaws MC,Anniston,"Anniston, Alabama",http://www.outlawsmcworld.com,,,,
Outlaws MC,Appleton,"Appleton, Wisconsin",http://www.outlawsmcworld.com,,,,
Outlaws MC,Ardmore,"Ardmore, Oklahoma",http://www.outlawsmcworld.com,,,,
Outlaws MC,Ashboro,"Ashboro, North Carolina",http://www.outlawsmcworld.com,,,,
Outlaws MC,Ashville,"Ashville, North Carolina",http://www.outlawsmcworld.com,,,,
Outlaws MC,Athens,"Athens, Ohio",http://www.outlawsmcworld.com,,,,
Outlaws MC,Atlanta,"Atlanta, Georgia",http://www.outlawsmcworld.com,,,,
Outlaws MC,Bay City,"Bay City, Michigan",http://www.outlawsmcworld.com,,,,
Outlaws MC,Birmingham,"Birmingham, Alabama",http://www.outlawsmcworld.com,,,,
Outlaws MC,Bluegrass,"Lexington Area, Kentucky",http://www.outlawsmcworld.com,,,,
Outlaws MC,Boston,"Boston, Massachusetts",http://www.outlawsmcworld.com,,,,
Outlaws MC,Brockton,"Brockton, Massachusetts",http://www.outlawsmcworld.com,,,,
Outlaws MC,Brunswick,"Brunswick, Georgia",http://www.outlawsmcworld.com,,,,
Outlaws MC,Bucyrus,"Bucyrus, Ohio",http://www.outlawsmcworld.com,,,,
Outlaws MC,Buffalo,"Buffalo, New York",theamericanoutlaws.com/chapters/list,,,,
Outlaws MC,Cambridge,"Cambridge, Ohio",http://www.outlawsmcworld.com,,,,
Outlaws MC,Canton,"Canton, Ohio",http://www.outlawsmcworld.com,,,,
Outlaws MC,Cape Cod,"Cape Cod, Massachusetts",http://www.outlawsmcworld.com,,,,
Outlaws MC,Central PA,Central Pennsylvania,http://www.outlawsmcworld.com,,,,
Outlaws MC,Centralia,"Centralia, Illinois",http://www.outlawsmcworld.com,,,,
Outlaws MC,Charlotte,"Charlotte, North Carolina",http://www.outlawsmcworld.com,,,,
Outlaws MC,Charlotte County,"Charlotte County, Florida",http://www.outlawsmcworld.com,,,,
Outlaws MC,Chatanooga,"Chatanooga, Tennessee",http://www.outlawsmcworld.com,,,,
Outlaws MC,Chicago Northside,"Chicago Northside, Illinois",http://www.outlawsmcworld.com,,,,
Outlaws MC,Chicago Southside,"Chicago Southside, Illinois",http://www.outlawsmcworld.com,,,,
Outlaws MC,Clarksville,"Clarksville, Tennessee",http://www.outlawsmcworld.com,,,,
Outlaws MC,Clover,"Clover, South Carolina",http://www.outlawsmcworld.com,,,,
Outlaws MC,Columbus,"Columbus, Ohio",http://www.outlawsmcworld.com,,,,
Outlaws MC,Columbus East,"Columbus East, Ohio",http://www.outlawsmcworld.com,,,,
Outlaws MC,Concord,"Concord, North Carolina",http://www.outlawsmcworld.com,,,,
Outlaws MC,Cornwall,"Cornwall, Vermont",http://www.outlawsmcworld.com,,,,
Outlaws MC,Cross Bayou,"Cross Bayou, Florida",http://www.outlawsmcworld.com,,,,
Outlaws MC,Dalton,"Dalton, Georgia",http://www.outlawsmcworld.com,,,,
Outlaws MC,Dayton,"Dayton, Ohio",http://www.outlawsmcworld.com,,,,
Outlaws MC,Daytona,"Daytona, Florida",http://www.outlawsmcworld.com,,,,
Outlaws MC,Decatur,"Decatur, Illinois",http://www.outlawsmcworld.com,,,,
Outlaws MC,Detroit Eastside,"Detroit Eastside, Michigan",http://www.outlawsmcworld.com,,,,
Outlaws MC,Detroit Westside,"Detroit Westside, Michigan",http://www.outlawsmcworld.com,,,,
Outlaws MC,Dothan,"Dothan, Alabama",http://www.outlawsmcworld.com,,,,
Outlaws MC,East Atlanta,"East Atlanta, Georgia",http://www.outlawsmcworld.com,,,,
Outlaws MC,Eau Claire,"Eau Claire, Wisconsin",http://www.outlawsmcworld.com,,,,
Outlaws MC,Elgin,"Elgin, Illinois",http://www.outlawsmcworld.com,,,,
Outlaws MC,Enfield,"Enfield, Connecticut",http://www.outlawsmcworld.com,,,,
Outlaws MC,Erie,"Erie, Pennsylvania",http://www.outlawsmcworld.com,,,,
Outlaws MC,Fall River,"Fall River, Massachusetts",http://www.outlawsmcworld.com,,,,
Outlaws MC,Farrell,"Farrell, Pennsylvania",http://www.outlawsmcworld.com,,,,
Outlaws MC,Fayetteville,"Fayetteville, Arkansas",http://www.outlawsmcworld.com,,,,
Outlaws MC,Findlay,"Findlay, Ohio",http://www.outlawsmcworld.com,,,,
Outlaws MC,Fon du lac,"Fon du lac, Wisconsin",http://www.outlawsmcworld.com,,,,
Outlaws MC,Fort Smith,"Fort Smith, Arkansas",http://www.outlawsmcworld.com,,,,
Outlaws MC,Fort Wayne,"Fort Wayne, Indiana",http://www.outlawsmcworld.com,,,,
Outlaws MC,Framingham,"Framingham, Massachusetts",http://www.outlawsmcworld.com,,,,
Outlaws MC,Frankfurt,"Frankfurt, Indiana",http://www.outlawsmcworld.com,,,,
Outlaws MC,Gary,"Gary, Indiana",http://www.outlawsmcworld.com,,,,
Outlaws MC,Grand Junction,"Grand Junction, Colorado",http://www.outlawsmcworld.com,,,,
Outlaws MC,Grand Rapids,"Grand Rapids, Michigan",http://www.outlawsmcworld.com,,,,
Outlaws MC,Gulf Coast,"Gulf Coast, Florida",http://www.outlawsmcworld.com,,,,
Outlaws MC,Hickory,"Hickory, North Carolina",http://www.outlawsmcworld.com,,,,
Outlaws MC,Indianapolis,"Indianapolis, Indiana",http://www.outlawsmcworld.com,,,,
Outlaws MC,Jackson,"Jackson, Tennessee",http://www.outlawsmcworld.com,,,,
Outlaws MC,Jacksonville,"Jacksonville, Florida",http://www.outlawsmcworld.com,,,,
Outlaws MC,Janesville,"Janesville, Wisconsin",http://www.outlawsmcworld.com,,,,
Outlaws MC,Jo Daviess,"Jo Daviess, Illinois",http://www.outlawsmcworld.com,,,,
Outlaws MC,Johnstown,"Johnstown, Pennsylvania",http://www.outlawsmcworld.com,,,,
Outlaws MC,Joliet,"Joliet, Illinois",http://www.outlawsmcworld.com,,,,
Outlaws MC,Joplin,"Joplin, Missouri",http://www.outlawsmcworld.com,,,,
Outlaws MC,Kankakee,"Kankakee, Illinois",http://www.outlawsmcworld.com,,,,
Outlaws MC,Knox County,"Knox County, Illinois",http://www.outlawsmcworld.com,,,,
Outlaws MC,Knoxville,"Knoxville, Tennessee",http://www.outlawsmcworld.com,,,,
Outlaws MC,LaCrosse,"La Crosse, Wisconsin",http://www.outlawsmcworld.com,,,,
Outlaws MC,Lakeland,"Lakeland, Florida",http://www.outlawsmcworld.com,,,,
Outlaws MC,Lawton,"Lawton, Oklahoma",http://www.outlawsmcworld.com,,,,
Outlaws MC,Lenoir,"Lenoir, North Carolina",http://www.outlawsmcworld.com,,,,
Outlaws MC,Lexington,"Lexington, North Carolina",http://www.outlawsmcworld.com,,,,
Outlaws MC,Lima,"Lima, Ohio",http://www.outlawsmcworld.com,,,,
Outlaws MC,London,"London, Kentucky",http://www.outlawsmcworld.com,,,,
Outlaws MC,Louisville,"Louisville, Kentucky",http://www.outlawsmcworld.com,,,,
Outlaws MC,Macon,"Macon, Georgia",http://www.outlawsmcworld.com,,,,
Outlaws MC,Madison,"Madison, Wisconsin",http://www.outlawsmcworld.com,,,,
Outlaws MC,Marion,"Marion, Illinois",http://www.outlawsmcworld.com,,,,
Outlaws MC,McAlester,"McAlester, Oklahoma",http://www.outlawsmcworld.com,,,,
Outlaws MC,McLean County,"McLean County, Illinois",http://www.outlawsmcworld.com,,,,
Outlaws MC,Memphis,"Memphis, Tennessee",http://www.outlawsmcworld.com,,,,
Outlaws MC,Middleboro,"Middleboro, Massachusetts",http://www.outlawsmcworld.com,,,,
Outlaws MC,Middletown,"Middletown, Ohio",http://www.outlawsmcworld.com,,,,
Outlaws MC,Milwaukee,"Milwaukee, Wisconsin",http://www.outlawsmcworld.com,,,,
Outlaws MC,Monroe,"Monroe, North Carolina",http://www.outlawsmcworld.com,,,,
Outlaws MC,Nashville,"Nashville, Tennessee",http://www.outlawsmcworld.com,,,,
Outlaws MC,New Castle,"New Castle, Pennsylvania",http://www.outlawsmcworld.com,,,,
Outlaws MC,Niagara Falls,"Niagara Falls, New York",theamericanoutlaws.com/chapters/list,,,,
Outlaws MC,North,North Maine,http://www.outlawsmcworld.com,,,,
Outlaws MC,North,North New Hampshire,http://www.outlawsmcworld.com,,,,
Outlaws MC,North Atlanta,"North Atlanta, Georgia",http://www.outlawsmcworld.com,,,,
Outlaws MC,Northwest Crew,Northwest Illinois,http://www.outlawsmcworld.com,,,,
Outlaws MC,Northwest Indiana,Northwest Indiana,http://www.outlawsmcworld.com,,,,
Outlaws MC,Ocala,"Ocala, Florida",http://www.outlawsmcworld.com,,,,
Outlaws MC,Oklahoma City,"Oklahoma City, Oklahoma",http://www.outlawsmcworld.com,,,,
Outlaws MC,Orlando,"Orlando, Florida",http://www.outlawsmcworld.com,,,,
Outlaws MC,Oshkosh,"Oshkosh, Wisconsin",http://www.outlawsmcworld.com,,,,
Outlaws MC,Panama City,"Panama City, Florida",http://www.outlawsmcworld.com,,,,
Outlaws MC,Pensacola,"Pensacola, Florida",http://www.outlawsmcworld.com,,,,
Outlaws MC,Peoria,"Peoria, Illinois",http://www.outlawsmcworld.com,,,,
Outlaws MC,Philadelphia,"Philadelphia, Pennsylvania",http://www.outlawsmcworld.com,,,,
Outlaws MC,Pittsburgh,"Pittsburgh, Pennsylvania",http://www.outlawsmcworld.com,,,,
Outlaws MC,Pontiac,"Pontiac, Illinois",http://www.outlawsmcworld.com,,,,
Outlaws MC,Portland,"Portland, Maine",http://www.outlawsmcworld.com,,,,
Outlaws MC,Raymond,"Raymond, New Hampshire",http://www.outlawsmcworld.com,,,,
Outlaws MC,Rock Hill,"Rock Hill, South Carolina",http://www.outlawsmcworld.com,,,,
Outlaws MC,Rockford,"Rockford, Illinois",http://www.outlawsmcworld.com,,,,
Outlaws MC,Sandusky,"Sandusky, Ohio",http://www.outlawsmcworld.com,,,,
Outlaws MC,Savannah,"Savannah, Georgia",http://www.outlawsmcworld.com,,,,
Outlaws MC,Scranton,"Scranton, Pennsylvania",http://www.outlawsmcworld.com,,,,
Outlaws MC,Shelby,"Shelby, North Carolina",http://www.outlawsmcworld.com,,,,
Outlaws MC,Shenandoah Valley,"Shenandoah Valley, Virginia",http://www.outlawsmcworld.com,,,,
Outlaws MC,Silver Creek,"Silver Creek, New York",theamericanoutlaws.com/chapters/list,,,,
Outlaws MC,South Florida,South Florida,http://www.outlawsmcworld.com,,,,
Outlaws MC,South Shore,"South Shore, Massachusetts",http://www.outlawsmcworld.com,,,,
Outlaws MC,Southern Tier,"Southern Tier, New York",theamericanoutlaws.com/chapters/list,,,,
Outlaws MC,Springfield,"Springfield, Illinois",http://www.outlawsmcworld.com,,,,
Outlaws MC,St. Augustine,"St. Augustine, Florida",http://www.outlawsmcworld.com,,,,
Outlaws MC,St. Pete,"St. Petersburg, Florida",http://www.outlawsmcworld.com,,,,
Outlaws MC,Stateline,"Stateline, Wisconsin",http://www.outlawsmcworld.com,,,,
Outlaws MC,Statesville,"Statesville, North Carolina",http://www.outlawsmcworld.com,,,,
Outlaws MC,Tampa Bay,"Tampa Bay, Florida",http://www.outlawsmcworld.com,,,,
Outlaws MC,Taunton,"Taunton, Massachusetts",http://www.outlawsmcworld.com,,,,
Outlaws MC,Toledo,"Toledo, Ohio",http://www.outlawsmcworld.com,,,,
Outlaws MC,Treasure Coast,"Treasure Coast, Florida",http://www.outlawsmcworld.com,,,,
Outlaws MC,Tri-Cities,"Tri-Cities, Tennessee",http://www.outlawsmcworld.com,,,,
Outlaws MC,Tulsa,"Tulsa, Oklahoma",http://www.outlawsmcworld.com,,,,
Outlaws MC,Valley,"Valley, Alabama",http://www.outlawsmcworld.com,,,,
Outlaws MC,Warren,"Warren, Ohio",http://www.outlawsmcworld.com,,,,
Outlaws MC,Warsaw,"Warsaw, Indiana",http://www.outlawsmcworld.com,,,,
Outlaws MC,Waterbury,"Waterbury, Connecticut",http://www.outlawsmcworld.com,,,,
Outlaws MC,Wausau,"Wausau, Wisconsin",http://www.outlawsmcworld.com,,,,
Outlaws MC,Waycross,"Waycross, Georgia",http://www.outlawsmcworld.com,,,,
Outlaws MC,West Coast,"West Coast, Florida",http://www.outlawsmcworld.com,,,,
Outlaws MC,West Palm Beach,"West Palm Beach, Florida",http://www.outlawsmcworld.com,,,,
Outlaws MC,West Penn,West Pennsylvania,http://www.outlawsmcworld.com,,,,
Outlaws MC,Wilkes Barre,"Wilkes Barre, Pennsylvania",http://www.outlawsmcworld.com,,,,
Outlaws MC,Woonsocket,"Woonsocket, Rhode Island",http://www.outlawsmcworld.com,,,,
Outlaws MC,Youngstown,"Youngstown, Ohio",http://www.outlawsmcworld.com,,,,
Pagans MC,Allentown,"Allentown, Pennsylvania",,,,,
Pagans MC,Annapolis,"Annapolis, Maryland",,,,,
Pagans MC,Atlantic City,"Atlantic City, New Jersey",,,,,
Pagans MC,Baltimore,"Baltimore, Maryland",,,,,
Pagans MC,Boston,"Boston, Massachusetts",,,,,
Pagans MC,Bronx,"Bronx, New York",,,,,
Pagans MC,Buffalo,"Buffalo, New York",,,,,
Pagans MC,Camden,"Camden, New Jersey",,,,,
Pagans MC,Charleston,"Charleston, South Carolina",,,,,
Pagans MC,Charleston,"Charleston, West Virginia",,,,,
Pagans MC,Charlotte,"Charlotte, North Carolina",,,,,
Pagans MC,Chicago,"Chicago, Illinois",,,,,
Pagans MC,Cincinnati,"Cincinnati, Ohio",,,,,
Pagans MC,Cleveland,"Cleveland, Ohio",,,,,
Pagans MC,Columbia,"Columbia, South Carolina",,,,,
Pagans MC,Columbus,"Columbus, Ohio",,,,,
Pagans MC,Delaware,Delaware,,,,,
Pagans MC,Detroit,"Detroit, Michigan",,,,,
Pagans MC,Hartford,"Hartford, Connecticut",,,,,
Pagans MC,Huntington,"Huntington, West Virginia",,,,,
Pagans MC,Indian River County,"Indian River County, Florida",,,,,
Pagans MC,Indianapolis,"Indianapolis, Indiana",,,,,
Pagans MC,Jacksonville,"Jacksonville, Florida",,,,,
Pagans MC,Jersey Shore,"Jersey Shore, New Jersey",,,,,
Pagans MC,Lancaster,"Lancaster, Pennsylvania",,,,,
Pagans MC,Long Island,"Long Island, New York",,,,,
Pagans MC,Louisville,"Louisville, Kentucky",,,,,
Pagans MC,Memphis,"Memphis, Tennessee",,,,,
Pagans MC,Miami,"Miami, Florida",,,,,
Pagans MC,Nashville,"Nashville, Tennessee",,,,,
Pagans MC,New Haven,"New Haven, Connecticut",,,,,
Pagans MC,Newark,"Newark, New Jersey",,,,,
Pagans MC,Newport News,"Newport News, Virginia",,,,,
Pagans MC,Norfolk,"Norfolk, Virginia",,,,,
Pagans MC,Orlando,"Orlando, Florida",,,,,
Pagans MC,Philadelphia,"Philadelphia, Pennsylvania",,,,,
Pagans MC,Pittsburgh,"Pittsburgh, Pennsylvania",,,,,
Pagans MC,Portland,"Portland, Oregon",,,,,
Pagans MC,Prince George's County,"Prince George's County, Maryland",,,,Original Chapter,1957.0
Pagans MC,Providence,"Providence, Rhode Island",,,,,
Pagans MC,Raleigh,"Raleigh, North Carolina",,,,,
Pagans MC,Reading,"Reading, Pennsylvania",,,,,
Pagans MC,Richmond,"Richmond, Virginia",,,,,
Pagans MC,Scranton,"Scranton, Pennsylvania",,,,,
Pagans MC,Seattle,"Seattle, Washington",,,,,
Pagans MC,St. Louis,"St. Louis, Missouri",,,,,
Pagans MC,Staten Island,"Staten Island, New York",,,,,
Pagans MC,Tampa,"Tampa, Florida",,,,,
Pagans MC,Toledo,"Toledo, Ohio",,,,,
Pagans MC,Trenton,"Trenton, New Jersey",,,,,
Pagans MC,Virginia Beach,"Virginia Beach, Virginia",,,,,
Pagans MC,Westchester,"Westchester, New York",,,,,
Pagans MC,Wilmington,"Wilmington, Delaware",,,,,
Pagans MC,Wilmington,"Wilmington, North Carolina",,,,,
Pagans MC,Worcester,"Worcester, Massachusetts",,,,,
Patriot Guard Riders,California PGR,California,,,,,
Patriot Guard Riders,Florida PGR,Florida,,,,,
Patriot Guard Riders,Illinois PGR,Illinois,,,,,
Patriot Guard Riders,National PGR,"Mulvane, Kansas",https://patriotguard.org,https://facebook.com/patriotguard,@patriotguard,,2005.0
Patriot Guard Riders,New York PGR,New York,,,,,
Patriot Guard Riders,Texas PGR,Texas,,,,,
Vagos MC,Albuquerque,"Albuquerque, New Mexico",https://www.vagosmc.com,,,,
Vagos MC,Antelope Valley,"Antelope Valley, California",https://www.vagosmc.com,,,,
Vagos MC,Berdoo,"San Bernardino, California",https://www.vagosmc.com,,,Mother Chapter,1963.0
Vagos MC,Boise,"Boise, Idaho",https://www.vagosmc.com,,,,
Vagos MC,Central Valley,"Stockton, California",https://www.vagosmc.com,,,,
Vagos MC,Chicago,"Chicago, Illinois",https://www.vagosmc.com,,,,
Vagos MC,Compton,"Compton, California",https://www.vagosmc.com,,,,
Vagos MC,Hollywood,"Hollywood, California",https://www.vagosmc.com,,,,
Vagos MC,Kansas City,"Kansas City, Missouri",https://www.vagosmc.com,,,,
Vagos MC,Las Vegas,"Las Vegas, Nevada",https://www.vagosmc.com,,,,
Vagos MC,Little Rock,"Little Rock, Arkansas",https://www.vagosmc.com,,,,
Vagos MC,Los Angeles,"Los Angeles, California",https://www.vagosmc.com,,,,
Vagos MC,Miami,"Miami, Florida",https://www.vagosmc.com,,,,
Vagos MC,Mojave,"Mojave, California",https://www.vagosmc.com,,,,
Vagos MC,Monterrey,"Monterey, California",https://www.vagosmc.com,,,,
Vagos MC,New York,"New York, New York",https://www.vagosmc.com,,,,
Vagos MC,Nomads,California (Nomad),https://www.vagosmc.com,,,,
Vagos MC,Oahu,"Oahu, Hawaii",https://www.vagosmc.com,,,,
Vagos MC,Pasadena,"Pasadena, California",https://www.vagosmc.com,,,,
Vagos MC,Phoenix,"Phoenix, Arizona",https://www.vagosmc.com,,,,
Vagos MC,Pomona Valley,"Pomona Valley, California",https://www.vagosmc.com,,,,
Vagos MC,Portland,"Portland, Oregon",https://www.vagosmc.com,,,,
Vagos MC,Reno,"Reno, Nevada",https://www.vagosmc.com,,,,
Vagos MC,SGV,"San Gabriel Valley, California",https://www.vagosmc.com,,,,
Vagos MC,Sacramento,"Sacramento, California",https://www.vagosmc.com,,,,
Vagos MC,Salt Lake City,"Salt Lake City, Utah",https://www.vagosmc.com,,,,
Vagos MC,San Gorgonio Pass,"San Gorgonio Pass, California",https://www.vagosmc.com,,,,
Vagos MC,San Jose,"San Jose, California",https://www.vagosmc.com,,,,
Vagos MC,Tucson,"Tucson, Arizona",https://www.vagosmc.com,,,,
Vagos MC,Venice,"Venice, California",https://www.vagosmc.com,,,,
Vagos MC,Victorville,"Victorville, California",https://www.vagosmc.com,,,,
Women in the Wind MC,National WITW,"Toledo, Ohio",https://womeninthewind.org,https://facebook.com/womeninthewind,@womeninthewind,,1979.0
