[
  {
    "code": "al",
    "name": "Alabama",
    "slug": "al",
    "clubCount": 32,
    "cityCount": 18
  },
  {
    "code": "ak",
    "name": "Alaska",
    "slug": "ak",
    "clubCount": 10,
    "cityCount": 4
  },
  {
    "code": "az",
    "name": "Arizona",
    "slug": "az",
    "clubCount": 57,
    "cityCount": 22
  },
  {
    "code": "ar",
    "name": "Arkansas",
    "slug": "ar",
    "clubCount": 32,
    "cityCount": 16
  },
  {
    "code": "ca",
    "name": "California",
    "slug": "ca",
    "clubCount": 276,
    "cityCount": 157
  },
  {
    "code": "co",
    "name": "Colorado",
    "slug": "co",
    "clubCount": 38,
    "cityCount": 17
  },
  {
    "code": "ct",
    "name": "Connecticut",
    "slug": "ct",
    "clubCount": 31,
    "cityCount": 16
  },
  {
    "code": "de",
    "name": "Delaware",
    "slug": "de",
    "clubCount": 21,
    "cityCount": 14
  },
  {
    "code": "dc",
    "name": "District of Columbia",
    "slug": "dc",
    "clubCount": 0,
    "cityCount": 0
  },
  {
    "code": "fl",
    "name": "Florida",
    "slug": "fl",
    "clubCount": 126,
    "cityCount": 63
  },
  {
    "code": "ga",
    "name": "Georgia",
    "slug": "ga",
    "clubCount": 46,
    "cityCount": 30
  },
  {
    "code": "hi",
    "name": "Hawaii",
    "slug": "hi",
    "clubCount": 9,
    "cityCount": 5
  },
  {
    "code": "id",
    "name": "Idaho",
    "slug": "id",
    "clubCount": 25,
    "cityCount": 14
  },
  {
    "code": "il",
    "name": "Illinois",
    "slug": "il",
    "clubCount": 86,
    "cityCount": 57
  },
  {
    "code": "in",
    "name": "Indiana",
    "slug": "in",
    "clubCount": 50,
    "cityCount": 28
  },
  {
    "code": "ia",
    "name": "Iowa",
    "slug": "ia",
    "clubCount": 21,
    "cityCount": 12
  },
  {
    "code": "ks",
    "name": "Kansas",
    "slug": "ks",
    "clubCount": 18,
    "cityCount": 13
  },
  {
    "code": "ky",
    "name": "Kentucky",
    "slug": "ky",
    "clubCount": 21,
    "cityCount": 11
  },
  {
    "code": "la",
    "name": "Louisiana",
    "slug": "la",
    "clubCount": 22,
    "cityCount": 12
  },
  {
    "code": "md",
    "name": "Maryland",
    "slug": "md",
    "clubCount": 29,
    "cityCount": 22
  },
  {
    "code": "ma",
    "name": "Massachusetts",
    "slug": "ma",
    "clubCount": 35,
    "cityCount": 23
  },
  {
    "code": "mi",
    "name": "Michigan",
    "slug": "mi",
    "clubCount": 81,
    "cityCount": 50
  },
  {
    "code": "mn",
    "name": "Minnesota",
    "slug": "mn",
    "clubCount": 28,
    "cityCount": 24
  },
  {
    "code": "ms",
    "name": "Mississippi",
    "slug": "ms",
    "clubCount": 12,
    "cityCount": 6
  },
  {
    "code": "mo",
    "name": "Missouri",
    "slug": "mo",
    "clubCount": 38,
    "cityCount": 26
  },
  {
    "code": "mt",
    "name": "Montana",
    "slug": "mt",
    "clubCount": 7,
    "cityCount": 4
  },
  {
    "code": "ne",
    "name": "Nebraska",
    "slug": "ne",
    "clubCount": 8,
    "cityCount": 5
  },
  {
    "code": "nv",
    "name": "Nevada",
    "slug": "nv",
    "clubCount": 21,
    "cityCount": 7
  },
  {
    "code": "nh",
    "name": "New Hampshire",
    "slug": "nh",
    "clubCount": 11,
    "cityCount": 10
  },
  {
    "code": "nj",
    "name": "New Jersey",
    "slug": "nj",
    "clubCount": 57,
    "cityCount": 46
  },
  {
    "code": "nm",
    "name": "New Mexico",
    "slug": "nm",
    "clubCount": 15,
    "cityCount": 6
  },
  {
    "code": "ny",
    "name": "New York",
    "slug": "ny",
    "clubCount": 109,
    "cityCount": 79
  },
  {
    "code": "nc",
    "name": "North Carolina",
    "slug": "nc",
    "clubCount": 53,
    "cityCount": 33
  },
  {
    "code": "nd",
    "name": "North Dakota",
    "slug": "nd",
    "clubCount": 6,
    "cityCount": 4
  },
  {
    "code": "oh",
    "name": "Ohio",
    "slug": "oh",
    "clubCount": 107,
    "cityCount": 61
  },
  {
    "code": "ok",
    "name": "Oklahoma",
    "slug": "ok",
    "clubCount": 22,
    "cityCount": 8
  },
  {
    "code": "or",
    "name": "Oregon",
    "slug": "or",
    "clubCount": 29,
    "cityCount": 16
  },
  {
    "code": "pa",
    "name": "Pennsylvania",
    "slug": "pa",
    "clubCount": 92,
    "cityCount": 69
  },
  {
    "code": "pr",
    "name": "PR",
    "slug": "pr",
    "clubCount": 8,
    "cityCount": 7
  },
  {
    "code": "ri",
    "name": "Rhode Island",
    "slug": "ri",
    "clubCount": 15,
    "cityCount": 6
  },
  {
    "code": "sc",
    "name": "South Carolina",
    "slug": "sc",
    "clubCount": 37,
    "cityCount": 17
  },
  {
    "code": "sd",
    "name": "South Dakota",
    "slug": "sd",
    "clubCount": 9,
    "cityCount": 5
  },
  {
    "code": "tn",
    "name": "Tennessee",
    "slug": "tn",
    "clubCount": 48,
    "cityCount": 23
  },
  {
    "code": "tx",
    "name": "Texas",
    "slug": "tx",
    "clubCount": 111,
    "cityCount": 62
  },
  {
    "code": "ut",
    "name": "Utah",
    "slug": "ut",
    "clubCount": 25,
    "cityCount": 11
  },
  {
    "code": "vt",
    "name": "Vermont",
    "slug": "vt",
    "clubCount": 7,
    "cityCount": 7
  },
  {
    "code": "va",
    "name": "Virginia",
    "slug": "va",
    "clubCount": 38,
    "cityCount": 27
  },
  {
    "code": "wa",
    "name": "Washington",
    "slug": "wa",
    "clubCount": 49,
    "cityCount": 26
  },
  {
    "code": "wv",
    "name": "West Virginia",
    "slug": "wv",
    "clubCount": 15,
    "cityCount": 8
  },
  {
    "code": "wi",
    "name": "Wisconsin",
    "slug": "wi",
    "clubCount": 51,
    "cityCount": 29
  },
  {
    "code": "wy",
    "name": "Wyoming",
    "slug": "wy",
    "clubCount": 9,
    "cityCount": 4
  }
]